rmse,mae,r2,n_train,n_test
1.3696231394928808,0.8774747688898055,0.22447413508459857,14545,3637
